Verweisende Seite,Zuletzt gecrawlt
https://www.europages.bg/bg/company/fryka-kaeltetechnik-gmbh-392896/products/ultra-tiefkuehltruhe-tt-90-6265764,2026-04-30
https://www.europages.co.hu/hu/company/fryka-kaeltetechnik-gmbh-392896/products/ultra-tiefkuehlschrank-tus-100-logg-unterbaufaehig-6278343,2026-04-29
https://www.europages.co.uk/en/company/fryka-kaeltetechnik-gmbh-392896/products/ultra-tiefkuehlschrank-tus-100-unterbaufaehig-6278340,2026-04-27
https://www.11880.com/branchenbuch/esslingen-am-neckar/120672788B27373182/fryka-kaeltetechnik-gmbh.html,2026-04-21
https://www.europages.cz/cs/company/fryka-kaeltetechnik-gmbh-392896/products/ultra-tiefkuehlschrank-ts-100-6265845,2026-04-20
https://www.europages.cz/cs/company/fryka-kaeltetechnik-gmbh-392896/products/ultra-tiefkuehltruhe-tt-90-logg-6265778,2026-04-20
https://www.europages.pl/pl/company/fryka-kaeltetechnik-gmbh-392896/products/ultra-tiefkuehlbox-b-35-6278334,2026-04-19
https://www.europages.co.uk/en/company/fryka-kaeltetechnik-gmbh-392896/products/ultra-tiefkuehlschrank-ts-100-logg-6278315,2026-04-18
https://www.europages.cz/cs/company/fryka-kaeltetechnik-gmbh-392896/products/ultra-tiefkuehlbox-b-35-logg-6278337,2026-04-18
https://www.europages.bg/bg/company/fryka-kaeltetechnik-gmbh-392896/products/ultra-tiefkuehlbox-b-35-logg-6278337,2026-04-17
https://www.europages.de/de/firma/fryka-kaeltetechnik-gmbh-392896/produkte/ultra-tiefkuehlbox-b-35-logg-6278337,2026-04-17
https://www.europages.dk/da/company/fryka-kaeltetechnik-gmbh-392896/products/ultra-tiefkuehlbox-b-35-logg-6278337,2026-04-17
https://trendkraft.io/industrie/fryka-ueberzeugt-auf-analytica-mit-herstellernaehe-und-erweitertem-umlaufkuehler-portfolio-40271,2026-04-16
https://trendkraft.io/newsroom/fryka-kaeltetechnik-gmbh,2026-04-16
https://www.europages.pl/pl/company/fryka-kaeltetechnik-gmbh-392896/products/ultra-tiefkuehltruhe-tt-90-logg-6265778,2026-04-16
https://www.firmenpresse.de/pressinfo2244934-fryka-k-ltetechnik-berzeugt-auf-der-analytica-mit-herstellern-he-und-einem-erweiterten-umlaufk-hler-portfolio.html,2026-04-16
https://www.firmenpresse.de/pressinfo2244934-fryka-kaeltetechnik-ueberzeugt-auf-der-analytica-mit-herstellernaehe-und-einem-erweiterten-umlaufkuehler-portfolio.html,2026-04-16
https://www.europages.co.hu/hu/company/fryka-kaeltetechnik-gmbh-392896/products/ultra-tiefkuehlbox-b-35-logg-6278337,2026-04-15
https://www.europages.co.uk/en/company/fryka-kaeltetechnik-gmbh-392896/products/ultra-tiefkuehlbox-b-35-logg-6278337,2026-04-15
https://www.europages.ee/et/company/fryka-kaeltetechnik-gmbh-392896,2026-04-15
https://www.europages.gr/el/company/fryka-kaeltetechnik-gmbh-392896/products/ultra-tiefkuehlbox-b-35-logg-6278337,2026-04-15
https://www.openpr.de/pressemitteilungen/fryka-kaeltetechnik-gmbh-0235453/,2026-04-15
https://www.portalderwirtschaft.de/unternehmen/fryka-kaeltetechnik-gmbh,2026-04-15
https://www.europages.ee/et/company/fryka-kaeltetechnik-gmbh-392896/products/ultra-tiefkuehlbox-b-35-6278335,2026-04-14
https://www.europages.it/it/company/fryka-kaeltetechnik-gmbh-392896/products/ultra-tiefkuehlbox-b-35-logg-6278337,2026-04-13
https://www.europages.ro/ro/company/fryka-kaeltetechnik-gmbh-392896/products/umlaufkuehler-umwaelzkuehler-dlk-4502-i-27428575,2026-04-12
https://www.europages.si/sl/company/fryka-kaeltetechnik-gmbh-392896/products/ultra-tiefkuehltruhe-tt-90-logg-6265778,2026-04-10
https://manuals.plus/da/fryka/230323-1-recirculating-chiller-manual,2026-04-09
https://www.europages.bg/bg/company/fryka-kaeltetechnik-gmbh-392896/products/ultra-tiefkuehlschrank-tus-100-logg-unterbaufaehig-6278342,2026-04-09
https://www.europages.cz/cs/company/fryka-kaeltetechnik-gmbh-392896/products/ultra-tiefkuehltruhe-tt-90-6265763,2026-04-09
https://www.europages.cz/cs/company/fryka-kaeltetechnik-gmbh-392896/products/umlaufkuehler-umwaelzkuehler-dlk-4502-i-27428575,2026-04-09
https://www.europages.co.uk/en/company/fryka-kaeltetechnik-gmbh-392896/products/ultra-tiefkuehlschrank-tus-100-unterbaufaehig-6278341,2026-04-08
https://www.europages.cz/cs/company/fryka-kaeltetechnik-gmbh-392896/products/ultra-tiefkuehlbox-b-35-6278335,2026-04-08
https://www.europages.dk/FRYKAKALTETECHNIK-GMBH/00000005315464-001.html,2026-04-08
https://www.europages.gr/el/company/fryka-kaeltetechnik-gmbh-392896/products/ultra-tiefkuehltruhe-tt-90-logg-6265778,2026-04-07
https://manuals.plus/m/292cabfe46e42d03a18973e68d0724ca57a106cf0d4873347836a400b3a67181,2026-04-06
https://www.europages.si/sl/company/fryka-kaeltetechnik-gmbh-392896/products/ultra-tiefkuehlschrank-ts-100-logg-6278315,2026-04-05
https://www.europages.ee/et/company/fryka-kaeltetechnik-gmbh-392896/products/ultra-tiefkuehltruhe-tt-90-6265763,2026-04-04
https://www.europages.nl/nl/company/fryka-kaeltetechnik-gmbh-392896/products/umlaufkuehler-umwaelzkuehler-ulk-2002-6265326,2026-04-04
https://www.europages.co.uk/en/company/fryka-kaeltetechnik-gmbh-392896/products/ultra-tiefkuehlbox-b-35-logg-6278338,2026-03-30
https://www.europages.de/de/firma/fryka-kaeltetechnik-gmbh-392896/produkte/ultra-tiefkuehlschrank-tus-100-unterbaufaehig-6278341,2026-03-30
https://www.europages.pt/pt/company/fryka-kaeltetechnik-gmbh-392896/products/ultra-tiefkuehlbox-b-35-logg-6278337,2026-03-30
https://www.europages.pt/pt/company/fryka-kaeltetechnik-gmbh-392896/products/ultra-tiefkuehlschrank-ts-100-logg-6278314,2026-03-29
https://www.europages.pt/pt/company/fryka-kaeltetechnik-gmbh-392896,2026-03-28
https://www.europages.pt/pt/company/fryka-kaeltetechnik-gmbh-392896/products/ultra-tiefkuehlbox-b-35-6278334,2026-03-28
https://www.europages.pt/pt/company/fryka-kaeltetechnik-gmbh-392896/products/ultra-tiefkuehlschrank-ts-100-logg-6278315,2026-03-28
https://kuhner.com/de/labequip/produkte/Mini-Tiefkuehltruhe-KBT.php,2026-03-27
https://shop.bartelt.at/-double-rolls-mounted$B$einfo963976_lang_uk.htm,2026-03-27
https://shop.bartelt.at/-rolls-mounted-2$B$einfo920776_lang_uk.htm,2026-03-27
https://shop.bartelt.at/INFO923094_LANG_UK.HTM,2026-03-27
https://shop.bartelt.at/after-clearance-sale-no$B$einfo920767_lang_uk.htm,2026-03-27
https://shop.bartelt.at/akku-st-100-6v32ah$B$einfo964208_lang_uk.htm,2026-03-27
https://shop.bartelt.at/circulating-cooler-dlk-402$B$einfo920768_lang_uk.htm,2026-03-27
https://shop.bartelt.at/closure-ergo$B$einfo905512_lang_uk.htm,2026-03-27
https://shop.bartelt.at/cold-thermostat-kt-08-42$B$einfo920772_lang_uk.htm,2026-03-27
https://shop.bartelt.at/cold-thermostat-kt-18-42$B$einfo920771_lang_uk.htm,2026-03-27
https://shop.bartelt.at/contact-sensor-pt100-2m$B$einfo920770_lang_uk.htm,2026-03-27
https://shop.bartelt.at/cooling-bath-kb-08-41$B$einfo904376_lang_uk.htm,2026-03-27
https://shop.bartelt.at/cooling-liquid-hkf-151$B$einfo920765_lang_uk.htm,2026-03-27
https://shop.bartelt.at/drawer-shelf-for-freezer$B$einfo607925_lang_uk.htm,2026-03-27
https://shop.bartelt.at/fan-in-interior-not$B$einfo920773_lang_uk.htm,2026-03-27
https://shop.bartelt.at/fan-in-interior-not$B$einfo920775_lang_uk.htm,2026-03-27
https://shop.bartelt.at/fan-in-interior-not$B$einfo920781_lang_uk.htm,2026-03-27
https://shop.bartelt.at/freezer-ts-50-100-100$B$einfo920780_lang_uk.htm,2026-03-27
https://shop.bartelt.at/freezer-ts-50-100-logg$B$einfo920779_lang_uk.htm,2026-03-27
https://shop.bartelt.at/heating-500w-for-extended$B$einfo923094_lang_uk.htm,2026-03-27
https://shop.bartelt.at/plunger-for-ergo$B$einfo905511_lang_uk.htm,2026-03-27
https://shop.bartelt.at/rolling-frame-for-b$B$einfo971558_lang_uk.htm,2026-03-27
https://shop.bartelt.at/seal-b-35-door$B$einfo903060_lang_uk.htm,2026-03-27
https://shop.bartelt.at/shelf-for-b-30$B$einfo971559_lang_uk.htm,2026-03-27
https://shop.bartelt.at/silicone-tubing-id-10mm$B$einfo920769_lang_uk.htm,2026-03-27
https://shop.bartelt.at/silicone-tubing-id-12mm$B$einfo920766_lang_uk.htm,2026-03-27
https://shop.bartelt.at/thermo-plate-special-sizes$B$einfo920774_lang_uk.htm,2026-03-27
https://shop.bartelt.at/thermo-plate-tp-13$B$einfo920764_lang_uk.htm,2026-03-27
https://shop.bartelt.at/tiefkuehlschrank-ts-50-100-100$B$einfo920780_lang_de.htm,2026-03-27
https://shop.bartelt.at/ultra-freezer-ts-80-100$B$einfo920777_lang_uk.htm,2026-03-27
https://shop.bartelt.at/ultra-freezer-ts-80-100$B$einfo920778_lang_uk.htm,2026-03-27
https://shop.bartelt.at/umlaufkuehler-prochiller-ulk-n$B$einfo887067_lang_de.htm,2026-03-27
https://shop.bartelt.at/wifi-bridge-vap11g-for-logg$B$einfo909504_lang_uk.htm,2026-03-27
https://www.europages.pt/pt/company/fryka-kaeltetechnik-gmbh-392896/products/ultra-tiefkuehlbox-b-35-6278335,2026-03-27
https://www.europages.pt/pt/company/fryka-kaeltetechnik-gmbh-392896/products/ultra-tiefkuehlbox-b-35-logg-6278338,2026-03-27
https://www.europages.pt/pt/company/fryka-kaeltetechnik-gmbh-392896/products/ultra-tiefkuehlschrank-tus-100-unterbaufaehig-6278341,2026-03-27
https://www.europages.pt/pt/company/fryka-kaeltetechnik-gmbh-392896/products/umlaufkuehler-umwaelzkuehler-ulk-2002-6265326,2026-03-27
https://www.europages.ro/ro/company/fryka-kaeltetechnik-gmbh-392896/products/umlaufkuehler-umwaelzkuehler-ulk-1002-4456492,2026-03-27
https://shop.bartelt.at/-doppelrollen-montiert-davon$B$einfo963976_lang_de.htm,2026-03-26
https://shop.bartelt.at/-lenkrollen-montiert-davon$B$einfo920776_lang_de.htm,2026-03-26
https://shop.bartelt.at/akku-st-100-6v32ah$B$einfo964208_lang_de.htm,2026-03-26
https://shop.bartelt.at/dichtung-b-35-tuer$B$einfo903060_lang_de.htm,2026-03-26
https://shop.bartelt.at/einlegeboden-fuer-b-30$B$einfo971559_lang_de.htm,2026-03-26
https://shop.bartelt.at/heizung-500w-fuer-erweiterten$B$einfo923094_lang_de.htm,2026-03-26
https://shop.bartelt.at/kaeltebad-kb-08-41-mit$B$einfo904376_lang_de.htm,2026-03-26
https://shop.bartelt.at/kaeltebad-kb-18-41-mit$B$einfo904375_lang_de.htm,2026-03-26
https://shop.bartelt.at/kaeltethermostat-kt-08-42-mit$B$einfo920772_lang_de.htm,2026-03-26
https://shop.bartelt.at/kaeltethermostat-kt-18-42-mit$B$einfo920771_lang_de.htm,2026-03-26
https://shop.bartelt.at/kloben-fuer-ergo$B$einfo905511_lang_de.htm,2026-03-26
https://shop.bartelt.at/kontaktfuehler-pt100-2m-silikonleitung$B$einfo920770_lang_de.htm,2026-03-26
https://shop.bartelt.at/kuehlfluessigkeit-hkf-151-mw65$B$einfo920765_lang_de.htm,2026-03-26
https://shop.bartelt.at/nabvbei-fryka-nml-ersatz$B$einfo920767_lang_de.htm,2026-03-26
https://shop.bartelt.at/silikonschlauch-id-10mm-thermoisoliert$B$einfo920769_lang_de.htm,2026-03-26
https://shop.bartelt.at/silikonschlauch-id-12mm-thermoisoliert$B$einfo920766_lang_de.htm,2026-03-26
https://shop.bartelt.at/thermoplatte-sondermasse-mehrpreis-pro$B$einfo920774_lang_de.htm,2026-03-26
https://shop.bartelt.at/thermoplatte-tp-13-standard$B$einfo920764_lang_de.htm,2026-03-26
https://shop.bartelt.at/tiefkuehlschrank-ts-50-100-logg$B$einfo920779_lang_de.htm,2026-03-26
https://shop.bartelt.at/ultratiefkuehlschrank-ts-80-100-100$B$einfo920778_lang_de.htm,2026-03-26
https://shop.bartelt.at/ultratiefkuehlschrank-ts-80-100-logg$B$einfo920777_lang_de.htm,2026-03-26
https://shop.bartelt.at/umlaufkuehler-dlk-402$B$einfo920768_lang_de.htm,2026-03-26
https://shop.bartelt.at/umluftventilator-im-innenraum-nicht$B$einfo920775_lang_de.htm,2026-03-26
https://shop.bartelt.at/verschluss-ergo$B$einfo905512_lang_de.htm,2026-03-26
https://shop.bartelt.at/wifi-bridge-vap11g-fuer-logg$B$einfo909504_lang_de.htm,2026-03-26
https://www.europages.de/de/firma/fryka-kaeltetechnik-gmbh-392896/produkte/ultra-tiefkuehlschrank-tus-100-logg-unterbaufaehig-6278342,2026-03-26
https://www.europages.pt/pt/company/fryka-kaeltetechnik-gmbh-392896/products/ultra-tiefkuehltruhe-tt-90-6265764,2026-03-26
https://www.europages.pt/pt/company/fryka-kaeltetechnik-gmbh-392896/products/ultra-tiefkuehltruhe-tt-90-logg-6265778,2026-03-26
https://www.europages.pt/pt/company/fryka-kaeltetechnik-gmbh-392896/products/umlaufkuehler-umwaelzkuehler-ulk-1002-4456492,2026-03-26
https://www.europages.pt/pt/company/fryka-kaeltetechnik-gmbh-392896/products/umlaufkuehler-umwaelzkuehler-ulk-602-6265327,2026-03-26
https://www.europages.si/sl/company/fryka-kaeltetechnik-gmbh-392896/products/ultra-tiefkuehlschrank-tus-100-unterbaufaehig-6278340,2026-03-26
https://www.europages.es/es/company/fryka-kaeltetechnik-gmbh-392896/products/ultra-tiefkuehlbox-b-35-logg-6278337,2026-03-25
https://www.europages.pt/pt/company/fryka-kaeltetechnik-gmbh-392896/products/ultra-tiefkuehlschrank-tus-100-logg-unterbaufaehig-6278342,2026-03-25
https://www.europages.pt/pt/company/fryka-kaeltetechnik-gmbh-392896/products/ultra-tiefkuehlschrank-tus-100-logg-unterbaufaehig-6278343,2026-03-25
https://www.europages.pt/pt/company/fryka-kaeltetechnik-gmbh-392896/products/ultra-tiefkuehlschrank-tus-100-unterbaufaehig-6278340,2026-03-25
https://www.europages.pt/pt/company/fryka-kaeltetechnik-gmbh-392896/products/ultra-tiefkuehltruhe-tt-90-6265763,2026-03-25
https://www.europages.pt/pt/company/fryka-kaeltetechnik-gmbh-392896/products/umlaufkuehler-umwaelzkuehler-dlk-402-6265330,2026-03-25
https://www.spectaris.de/fileadmin/user_upload/Trend_Report_2026_27.pdf,2026-03-25
https://www.europages.es/es/company/fryka-kaeltetechnik-gmbh-392896/products/ultra-tiefkuehlschrank-tus-100-unterbaufaehig-6278341,2026-03-24
https://www.europages.co.hu/hu/company/fryka-kaeltetechnik-gmbh-392896/products/ultra-tiefkuehltruhe-tt-90-logg-6265777,2026-03-23
https://www.europages.es/es/company/fryka-kaeltetechnik-gmbh-392896/products/umlaufkuehler-umwaelzkuehler-ulk-2002-6265326,2026-03-23
https://www.europages.lt/lt/company/fryka-kaeltetechnik-gmbh-392896/products/ultra-tiefkuehlschrank-tus-100-logg-unterbaufaehig-6278342,2026-03-23
https://www.europages.co.uk/en/company/fryka-kaeltetechnik-gmbh-392896/products/ultra-tiefkuehlschrank-ts-100-6265844,2026-03-22
https://www.europages.lt/lt/company/fryka-kaeltetechnik-gmbh-392896,2026-03-22
https://www.europages.lt/lt/company/fryka-kaeltetechnik-gmbh-392896/products/ultra-tiefkuehlbox-b-35-6278334,2026-03-22
https://www.europages.lt/lt/company/fryka-kaeltetechnik-gmbh-392896/products/ultra-tiefkuehlbox-b-35-logg-6278337,2026-03-22
https://www.europages.lt/lt/company/fryka-kaeltetechnik-gmbh-392896/products/ultra-tiefkuehlbox-b-35-logg-6278338,2026-03-22
https://www.europages.lt/lt/company/fryka-kaeltetechnik-gmbh-392896/products/ultra-tiefkuehlschrank-ts-100-6265844,2026-03-22
https://www.europages.lt/lt/company/fryka-kaeltetechnik-gmbh-392896/products/ultra-tiefkuehlschrank-ts-100-6265845,2026-03-22
https://www.europages.lt/lt/company/fryka-kaeltetechnik-gmbh-392896/products/ultra-tiefkuehlschrank-ts-100-logg-6278315,2026-03-22
https://www.europages.lt/lt/company/fryka-kaeltetechnik-gmbh-392896/products/ultra-tiefkuehlschrank-tus-100-logg-unterbaufaehig-6278343,2026-03-22
https://www.europages.lt/lt/company/fryka-kaeltetechnik-gmbh-392896/products/ultra-tiefkuehltruhe-tt-90-logg-6265777,2026-03-22
https://www.europages.lt/lt/company/fryka-kaeltetechnik-gmbh-392896/products/ultra-tiefkuehltruhe-tt-90-logg-6265778,2026-03-22
https://www.europages.lt/lt/company/fryka-kaeltetechnik-gmbh-392896/products/umlaufkuehler-umwaelzkuehler-ulk-2002-6265326,2026-03-22
https://www.europages.pt/pt/company/fryka-kaeltetechnik-gmbh-392896/products/ultra-tiefkuehlschrank-ts-100-6265844,2026-03-22
https://www.europages.pt/pt/company/fryka-kaeltetechnik-gmbh-392896/products/ultra-tiefkuehlschrank-ts-100-6265845,2026-03-22
https://www.europages.pt/pt/company/fryka-kaeltetechnik-gmbh-392896/products/ultra-tiefkuehltruhe-tt-90-logg-6265777,2026-03-22
https://www.europages.pt/pt/company/fryka-kaeltetechnik-gmbh-392896/products/umlaufkuehler-umwaelzkuehler-dlk-4502-i-27428575,2026-03-22
https://pdf.directindustry.com/pdf/fryka-kaeltetechnik-gmbh/cooling-baths-kb/115513-423027.html,2026-03-20
https://www.europages.es/es/company/fryka-kaeltetechnik-gmbh-392896,2026-03-20
https://www.europages.es/es/company/fryka-kaeltetechnik-gmbh-392896/products/ultra-tiefkuehlbox-b-35-6278334,2026-03-20
https://www.europages.es/es/company/fryka-kaeltetechnik-gmbh-392896/products/ultra-tiefkuehltruhe-tt-90-6265764,2026-03-20
https://www.europages.es/es/company/fryka-kaeltetechnik-gmbh-392896/products/umlaufkuehler-umwaelzkuehler-dlk-4502-i-27428575,2026-03-20
https://www.europages.lt/lt/company/fryka-kaeltetechnik-gmbh-392896/products/ultra-tiefkuehlbox-b-35-6278335,2026-03-20
https://www.europages.lt/lt/company/fryka-kaeltetechnik-gmbh-392896/products/ultra-tiefkuehlschrank-ts-100-logg-6278314,2026-03-20
https://www.europages.lt/lt/company/fryka-kaeltetechnik-gmbh-392896/products/ultra-tiefkuehlschrank-tus-100-unterbaufaehig-6278340,2026-03-20
https://www.europages.lt/lt/company/fryka-kaeltetechnik-gmbh-392896/products/ultra-tiefkuehltruhe-tt-90-6265763,2026-03-20
https://www.europages.lt/lt/company/fryka-kaeltetechnik-gmbh-392896/products/ultra-tiefkuehltruhe-tt-90-6265764,2026-03-20
https://www.europages.lt/lt/company/fryka-kaeltetechnik-gmbh-392896/products/umlaufkuehler-umwaelzkuehler-dlk-402-6265330,2026-03-20
https://www.europages.lt/lt/company/fryka-kaeltetechnik-gmbh-392896/products/umlaufkuehler-umwaelzkuehler-ulk-602-6265327,2026-03-20
https://mx.kompass.com/es/c/fryka-kaltetechnik-gmbh/de655379/,2026-03-19
https://www.europages.es/es/company/fryka-kaeltetechnik-gmbh-392896/products/ultra-tiefkuehlbox-b-35-6278335,2026-03-19
https://www.europages.es/es/company/fryka-kaeltetechnik-gmbh-392896/products/ultra-tiefkuehlschrank-ts-100-6265844,2026-03-19
https://www.europages.es/es/company/fryka-kaeltetechnik-gmbh-392896/products/ultra-tiefkuehlschrank-ts-100-6265845,2026-03-19
https://www.europages.es/es/company/fryka-kaeltetechnik-gmbh-392896/products/ultra-tiefkuehlschrank-ts-100-logg-6278314,2026-03-19
https://www.europages.es/es/company/fryka-kaeltetechnik-gmbh-392896/products/ultra-tiefkuehlschrank-tus-100-unterbaufaehig-6278340,2026-03-19
https://www.europages.es/es/company/fryka-kaeltetechnik-gmbh-392896/products/ultra-tiefkuehltruhe-tt-90-6265763,2026-03-19
https://www.europages.es/es/company/fryka-kaeltetechnik-gmbh-392896/products/umlaufkuehler-umwaelzkuehler-dlk-402-6265330,2026-03-19
https://www.europages.es/es/company/fryka-kaeltetechnik-gmbh-392896/products/umlaufkuehler-umwaelzkuehler-ulk-1002-4456492,2026-03-19
https://www.europages.es/es/company/fryka-kaeltetechnik-gmbh-392896/products/umlaufkuehler-umwaelzkuehler-ulk-602-6265327,2026-03-19
https://xk.kompass.com/en/c/fryka-kaltetechnik-gmbh/de655379/,2026-03-19
https://www.dgwz.de/category/themen/page/16,2026-03-14
https://www.europages.lt/lt/company/fryka-kaeltetechnik-gmbh-20043592/products/ultra-tiefkuehlschrank-tus-100-unterbaufaehig-35441383,2026-03-13
https://www.europages.lt/lt/company/fryka-kaeltetechnik-gmbh-20043592/products/ultra-tiefkuehltruhe-tt-90-logg-35761241,2026-03-13
https://www.europages.bg/bg/company/fryka-kaeltetechnik-gmbh-20043592/products/ultra-tiefkuehlschrank-ts-100-35514389,2026-03-11
https://www.europages.no/no/company/fryka-kaeltetechnik-gmbh-20043592/products/ultra-tiefkuehlschrank-ts-100-35635706,2026-03-10
https://www.europages.lt/lt/company/fryka-kaeltetechnik-gmbh-20043592/products/ultra-tiefkuehlschrank-tus-100-unterbaufaehig-35539612,2026-03-08
https://shop.bartelt.at/schubfaecherregal-fuer-tiefkuehlbox-b$B$einfo607925_lang_de.htm,2026-03-06
https://www.europages.lt/lt/company/fryka-kaeltetechnik-gmbh-20043592/products/umlaufkuehler-fuer-professionelle-anwendungen-35557744,2026-03-06
https://www.sinn-es.de/sinn-mitglieder/mitglieder-details/fryka-kaeltetechnik-gmbh.html,2026-03-03
https://www.europages.es/es/company/fryka-kaeltetechnik-gmbh-20043592/products/ultra-tiefkuehlschrank-ts-100-logg-35780863,2026-02-27
https://de.kompass.com/c/fryka-kaltetechnik-gmbh/de655379/,2026-02-25
https://www.europages.si/sl/company/fryka-kaeltetechnik-gmbh-20043592/products/ultra-tiefkuehlschrank-ts-100-35635706,2026-02-23
https://www.europages.ee/et/company/fryka-kaeltetechnik-gmbh-20043592/products/umlaufkuehler-fuer-professionelle-anwendungen-35557744,2026-02-22
https://www.europages.ee/et/company/fryka-kaeltetechnik-gmbh-20043592/products/ultra-tiefkuehlschrank-tus-100-unterbaufaehig-35441383,2026-02-18
https://www.mapquest.com/de/baden-wurttemberg/fryka-kaltetechnik-804509957,2026-02-16
https://onlinelibrary.wiley.com/doi/10.1002/nadc.201590413,2026-02-09
https://www.europages.fi/fi/company/fryka-kaeltetechnik-gmbh-20043592/products/ultra-tiefkuehlschrank-tus-100-logg-unterbaufaehig-35285100,2026-02-09
https://www.europages.co.uk/en/company/fryka-kaeltetechnik-gmbh-20043592/products/umlaufkuehler-fuer-professionelle-anwendungen-35723621,2026-01-29
https://bbs.fobshanghai.com/company/a1x7150bb01e375.html,2026-01-27
https://bbs.fobshanghai.com/company/u1h633t8bx67814.html,2026-01-27
https://www.europages.bg/bg/company/fryka-kaeltetechnik-gmbh-20043592/products/ultra-tiefkuehlbox-b-35-logg-35427587,2026-01-27
https://www.europages.co.uk/FRYKAKALTETECHNIK-GMBH/00000005315464-001.html,2026-01-27
https://www.europages.de/de/firma/fryka-kaeltetechnik-gmbh-20043592/produkte/tiefkuehlschrank-datenlogger-touchscreen-steuerung-35780863,2026-01-23
https://www.auskunft.de/a/hersteller/esslingen,2026-01-21
https://www.auskunft.de/firma/fryka-kältetechnik-gmbh/35bzzq9f,2026-01-21
https://www.polyformnext.de/firma/fryka-kaeltetechnik-gmbh.htm,2026-01-21
https://forum.corsafan.de/forum/index.php?user-post-list/231-falti/&pageNo=90,2026-01-15
https://www.europages.no/FRYKAKALTETECHNIK-GMBH/00000005315464-001.html,2026-01-15
https://www.europages.ro/ro/company/fryka-kaeltetechnik-gmbh-20043592/products/umlaufkuehler-umwaelzkuehler-ulk-1002-35618416,2026-01-13
https://www.europages.si/sl/company/fryka-kaeltetechnik-gmbh-20043592/products/umlaufkuehler-umwaelzkuehler-ulk-1002-35618416,2026-01-11
https://www.europages.no/no/company/fryka-kaeltetechnik-gmbh-20043592/products/ultra-tiefkuehlschrank-tus-100-logg-unterbaufaehig-35621734,2026-01-10
https://www.europages.lt/lt/company/fryka-kaeltetechnik-gmbh-20043592/products/ultra-tiefkuehltruhe-tt-90-logg-35326573,2026-01-09
https://www.europages.si/sl/company/fryka-kaeltetechnik-gmbh-20043592/products/ultra-tiefkuehltruhe-tt-90-logg-35326573,2026-01-09
https://analyticalscience.wiley.com/do/10.1002/gitfach.16610,2026-01-05
https://www.europages.ee/et/company/fryka-kaeltetechnik-gmbh-20043592/products/ultra-tiefkuehlbox-b-35-logg-35427587,2026-01-05
https://www.europages.fi/fi/company/fryka-kaeltetechnik-gmbh-20043592/products/ultra-tiefkuehltruhe-tt-90-35254538,2026-01-05
https://www.europages.fi/fi/company/fryka-kaeltetechnik-gmbh-20043592/products/ultra-tiefkuehlbox-b-35-logg-35427587,2026-01-04
https://markt.technik-einkauf.de/anbieter-haendler-hersteller-lieferant/kaeltethermostate/,2026-01-02
https://www.europages.ee/et/company/fryka-kaeltetechnik-gmbh-20043592/products/ultra-tiefkuehltruhe-tt-90-35254538,2026-01-02
https://www.europages.gr/el/company/fryka-kaeltetechnik-gmbh-20043592/products/umlaufkuehler-umwaelzkuehler-ulk-2002-35557744,2025-12-29
https://www.dgwz.de/tag/hersteller/page/2,2025-12-25
https://shop.bartelt.at/-lenkrollen-montiert-davon$B$einfo924722_lang_de.htm,2025-12-24
https://www.bionity.com/pt/empresas/7560/fryka-kaeltetechnik-gmbh.html,2025-12-21
https://www.europages.ro/ro/company/fryka-kaeltetechnik-gmbh-20043592/products/ultra-tiefkuehlschrank-ts-100-35635706,2025-12-21
https://www.europages.ro/ro/company/fryka-kaeltetechnik-gmbh-20043592/products/ultra-tiefkuehlschrank-tus-100-logg-unterbaufaehig-35285100,2025-12-20
https://www.europages.ro/ro/company/fryka-kaeltetechnik-gmbh-20043592/products/ultra-tiefkuehlschrank-tus-100-unterbaufaehig-35539612,2025-12-20
https://www.europages.lt/lt/company/fryka-kaeltetechnik-gmbh-20043592/products/ultra-tiefkuehlbox-b-35-logg-35427587,2025-12-19
https://loba.wiessoft.de/pressure-roller-completely-gummed$B$einfo971559_lang_uk.htm,2025-12-14
https://www.europages.si/sl/company/fryka-kaeltetechnik-gmbh-20043592/products/ultra-tiefkuehlschrank-tus-100-logg-unterbaufaehig-35285100,2025-12-14
https://www.europages.gr/el/company/fryka-kaeltetechnik-gmbh-20043592/products/ultra-tiefkuehlschrank-tus-100-unterbaufaehig-35441383,2025-12-13
https://www.yumda.com/it/aziende/1044300/fryka-kaeltetechnik-gmbh.html,2025-12-13
https://www.europages.lt/lt/company/fryka-kaeltetechnik-gmbh-20043592/products/ultra-tiefkuehlschrank-ts-100-logg-35780863,2025-12-12
https://www.europages.lt/lt/company/fryka-kaeltetechnik-gmbh-20043592/products/ultra-tiefkuehltruhe-tt-90-35664208,2025-12-12
https://www.europages.fi/FRYKAKALTETECHNIK-GMBH/00000005315464-001.html,2025-12-07
https://www.europages.bg/bg/company/fryka-kaeltetechnik-gmbh-20043592/products/ultra-tiefkuehlbox-b-35-35532872,2025-12-06
https://www.europages.se/sv/company/fryka-kaeltetechnik-gmbh-20043592/products/ultra-tiefkuehlschrank-tus-100-logg-unterbaufaehig-35621734,2025-12-06
https://www.yumda.com/de/firmen/1044300/fryka-kaeltetechnik-gmbh.html,2025-12-02
https://exhibitors.analytica.de/ausstellerportal/2026/aussteller/ausstellerdetails/fryka-kaeltetechnik-gmbh/?elb=279.1100.1940.1.111,2025-11-30
https://www.yumda.com/en/companies/1044300/fryka-kaeltetechnik-gmbh.html,2025-11-23
https://www.yumda.com/es/empresas/1044300/fryka-kaeltetechnik-gmbh.html,2025-11-23
https://exhibitors.analytica.de/exhibitor-portal/2026/list-of-exhibitors/exhibitordetails/fryka-kaeltetechnik-gmbh/?elb=279.1100.1940.1.111,2025-11-20
https://www.europages.ee/et/company/fryka-kaeltetechnik-gmbh-20043592/products/ultra-tiefkuehltruhe-tt-90-35664208,2025-11-20
https://www.yumda.com/pt/empresas/1044300/fryka-kaeltetechnik-gmbh.html,2025-11-20
https://www.europages.ee/et/company/fryka-kaeltetechnik-gmbh-20043592/products/ultra-tiefkuehlschrank-tus-100-logg-unterbaufaehig-35621734,2025-11-17
https://www.companyhouse.de/Fryka-Kaeltetechnik-GmbH-Esslingen-am-Neckar,2025-11-16
https://shop.bartelt.at/tiefkuehlunterbauschrank-tus-80-100-logg$B$einfo3274_lang_de.htm,2025-11-09
https://www.europages.bg/bg/company/fryka-kaeltetechnik-gmbh-20043592/products/ultra-tiefkuehltruhe-tt-90-logg-35326573,2025-11-06
https://www.europages.bg/FRYKAKALTETECHNIK-GMBH/00000005315464-001.html,2025-11-05
https://www.europages.es/FRYKAKALTETECHNIK-GMBH/00000005315464-001.html,2025-10-24
https://www.gelbeseiten.de/gsbiz/9a1a7d0e-a1d2-4abc-a189-9862f113d290,2025-10-23
https://www.golocal.de/esslingen-neckar/kaeltetechnik/fryka-kaeltetechnik-gmbh-9Q8w7/,2025-10-23
https://www.golocal.de/esslingen-neckar/kaeltetechnik/fryka-kaeltetechnik-gmbh-labortechnik-3HbkH/,2025-10-23
http://www.kaeltetechnik.info/firmen/esslingen_fryka_kaeltetechnik_gmbh.htm,2025-10-22
https://www.labo.de/firma/fryka-kaeltetechnik-gmbh.htm,2025-10-22
https://www.provenexpert.com/de-de/fryka-kaeltetechnik-gmbh-esslingen-am-neckar/,2025-10-15
https://www.directindustry.es/prod/fryka-kaeltetechnik-gmbh/product-115513-1251313.html,2025-10-06
https://gb.kompass.com/c/fryka-kaltetechnik-gmbh/de655379/,2025-09-27
https://openregister.de/company/DE-HRB-B2609-210619,2025-09-27
https://www.directindustry.es/prod/fryka-kaeltetechnik-gmbh/product-115513-1238819.html,2025-09-23
https://www.labwrench.com/manufacturer/114/fryka-gmbh,2025-09-21
https://shop.bartelt.at/tiefkuehlbox-b-35-85-logg$B$einfo3273_lang_de.htm,2025-08-08
https://www.dgwz.de/tag/kaeltetechnik,2025-07-29
https://shop.bartelt.at/freezer-box-b-35-85$B$einfo3273_lang_uk.htm,2025-07-21
https://shop.bartelt.at/mini-freezer-kbt-18-41-with$B$einfo812650_lang_uk.htm,2025-07-20
"https://adresse.dastelefonbuch.de/Esslingen am 
Neckar/1-Kältetechnik-Fryka-Kältetechnik-GmbH-Esslingen-am-Neckar-Ohmstr.html",2025-07-06
https://shop.bartelt.at/tiefkuehlbox-b-30-20-bis$B$einfo3272_lang_de.htm,2025-06-29
https://fr.kompass.com/c/fryka-kaltetechnik-gmbh/de655379/,2025-06-20
https://www.dgwz.de/tag/gewerbekaelte,2025-05-16
https://epaper.labo.de/frontend/catalogs/672831/2/pdf/complete.pdf,2025-04-28
https://www.bionity.com/it/aziende/7560/fryka-kaeltetechnik-gmbh.html,2025-03-31
https://www.chemeurope.com/it/aziende/170/fryka-kaeltetechnik-gmbh.html,2025-03-31
https://www.chemeurope.com/pt/empresas/170/fryka-kaeltetechnik-gmbh.html,2025-03-31
https://shop.bartelt.at/mini-tiefkuehltruhe-kbt-08-51-mit$B$einfo812644_lang_de.htm,2025-02-25
https://www.dgwz.de/tag/industriekuehlung,2025-01-27
https://www.dgwz.de/themen/bau-gebaeudetechnik/hersteller-anbieter-kaelteanlagen,2025-01-27
https://shop.bartelt.at/underbench-freezer-tus-50-100$B$einfo812854_lang_uk.htm,2025-01-23
https://shop.bartelt.at/edelstahlregale-tt-90-rc-fuer$B$einfo10311_lang_de.htm,2025-01-10
https://shop.bartelt.at/tiefkuehltruhe-tt-50-90-bis$B$einfo812807_lang_de.htm,2025-01-10
https://shop.bartelt.at/tiefkuehltruhe-tt-85-90-bis$B$einfo812810_lang_de.htm,2025-01-10
https://www.industrial-production.de/firma/fryka-kaeltetechnik-gmbh.htm,2025-01-10
https://shop.bartelt.at/tt-90-rc-stainless-steel$B$einfo10311_lang_uk.htm,2024-12-26
https://shop.bartelt.at/insert-grid-for-underbench$B$einfo607943_lang_uk.htm,2024-12-20
https://kuhner.com/de/labequip/produkte/Tiefkuehlbox-B-35.php,2024-12-19
https://www.medicalexpo.com/pt/prod/fryka-kaeltetechnik-gmbh/product-68530-452236.html,2024-11-25
https://shop.bartelt.at/chest-freezer-tt-85-90$B$einfo812810_lang_uk.htm,2024-08-08
https://shop.bartelt.at/chest-freezer-tt-50-90$B$einfo10310_lang_uk.htm,2024-08-07
https://shop.bartelt.at/freezer-box-b-35-85$B$einfo812674_lang_uk.htm,2024-08-06
https://www.europages.de/FRYKAKALTETECHNIK-GMBH/00000005315464-001.html,2024-07-27
https://www.hwj-esnt.de/module/mitglieder.asp?BUCHSTABE=Alle&CAT=Mitglieder,2024-07-13
https://forum.corsafan.de/forum/index.php?thread/338-eure-arbeitsstelle/&pageNo=2,2024-07-10
https://shop.bartelt.at/tiefkuehlbox-b-35-50-logg$B$einfo812675_lang_de.htm,2024-07-10
https://shop.bartelt.at/info812674_lang_de.htm,2024-07-06
https://hwj-esnt.de/module/mitglieder.asp?BUCHSTABE=K&CAT=Mitglieder,2024-06-26
https://hwj-esnt.de/module/mitglieder.asp?CAT=Mitglieder&PLZ=73730,2024-06-24
https://ormir.co.il/card-with-image/,2024-06-24
https://kuhner.com/de/labequip/produkte/Umlaufkuehler-ULK-2002.php,2024-06-17
https://www.yumda.com/fr/entreprises/1044300/fryka-kaeltetechnik-gmbh.html,2024-05-30
https://val.gr/antiprosopies/fryka/,2024-04-13
https://www.medicalexpo.com/pt/prod/fryka-kaeltetechnik-gmbh/product-68530-835658.html,2024-02-26
https://www.aoran.cn/dlpp,2024-02-24
https://www.medicalexpo.com/pt/prod/fryka-kaeltetechnik-gmbh/product-68530-543863.html,2023-12-22
https://rocketreach.co/fryka-kaltetechnik-gmbh-profile_b401f2f0ffede507,2023-11-30
https://site.labnet.fi/edustukset/,2023-06-16
https://www.fatposglobal.com/reports/laboratory-temperature-control-units-market-1562,2023-05-23
https://kuhner.com/en/labequip/products/Freezer-TS.php,2023-04-16
https://kuhner.com/en/labequip/products/Chest-freezer-TT-90.php,2023-04-08
https://shop.bartelt.at/info607943_lang_de.htm,2023-01-27
https://www.agema-lab.pl/oferta/,2022-12-20
https://firmeneintrag.creditreform.de/73730/7330085067/FRYKA_KAELTETECHNIK_GMBH,2022-12-13
https://www.bioregio-stern.de/en/database/company/fryka-kaltetechnik-gmbh,2022-10-24
https://www.bioregio-stern.de/de/datenbank/unternehmen/fryka-kaeltetechnik-gmbh,2022-10-15
https://kuhner.com/en/labequip/products/Underbench-Freezer-TUS-logg.php,2022-09-20
https://kuhner.com/en/labequip/products/Cold-Box-B-35-logg.php,2022-06-14
https://kuhner.com/de/labequip/produkte/Tiefkuehlbox-B-30.php,2022-06-05
https://www.medicalexpo.com/pt/prod/fryka-kaeltetechnik-gmbh/product-68530-461906.html,2022-05-29
https://kuhner.com/de/labequip/produkte/Tiefkuehlbox-B-35-logg.php,2022-05-22
https://kuhner.com/de/labequip/produkte/Tiefkuehlschrank-TS.php,2022-05-07
https://kuhner.com/de/labequip/produkte/Tiefkuehlschrank-TUS.php,2022-05-04
https://kuhner.com/de/labequip/produkte/Tiefkuehlschrank-TUS-logg.php,2022-05-01
https://kuhner.com/en/labequip/products/Mini-Freezers-KBT.php,2022-04-22
https://kuhner.com/de/labequip/produkte/Tiefkuehltruhe-TT-90-logg.php,2022-04-05
https://kuhner.com/de/labequip/produkte/Tiefkuehltruhe-TT-90.php,2022-04-05
https://kuhner.com/de/labequip/produkte/Umlaufkuehler-ULK-1002.php,2022-04-05
https://kuhner.com/de/labequip/produkte/kleine-Tiefkuehlgeraete.php,2022-04-02
https://kuhner.com/en/labequip/products/Recirculating-Chiller-ULK-1002.php,2022-04-02
https://kuhner.com/en/labequip/products/Recirculating-Chiller-ULK-602.php,2022-04-02
https://kuhner.com/en/labequip/products/Recirculating-Chillers.php,2022-04-02
https://kuhner.com/en/labequip/products/Small-Freezers.php,2022-04-02
https://kuhner.com/en/labequip/products/Cold-Box-30.php,2022-04-01
https://kuhner.com/en/labequip/products/Recirculation-Chiller-ULK-2002.php,2022-02-21
https://kuhner.com/de/labequip/produkte/Umlaufkuehler-ULK-602.php,2022-02-17
https://kuhner.com/en/labequip/products/Chest-Freezer-TT-90-logg.php,2022-02-16
https://kuhner.com/de/labequip/produkte/Umlaufkuehler.php,2022-02-15
https://kuhner.com/en/labequip/products/Cold-Box-35.php,2022-02-15
https://chemagazin.cz/content/id_magazines_pdf/28.pdf,2022-02-10
https://www.laborjournal.de/epaper/LJ_21_03.pdf,2021-03-10
https://www.laborjournal.de/epaper/LJ_21_01.pdf,2021-02-10
https://www.hornhautbank-muenchen.de/links/partner.html,2020-12-15
https://www.medicalexpo.de/prod/fryka-kaeltetechnik-gmbh/product-68530-835664.html,2020-08-03
https://www.medicalexpo.es/prod/fryka-kaeltetechnik-gmbh/product-68530-452256.html,2020-07-14
https://www.handwerk-industrie.com/profildetails/FRYKA-Kaeltetechnik-GmbH-36,2019-12-22
https://volker-hubrich.com/referenzen/,2019-10-22
https://pdf.medicalexpo.com/pdf/fryka-kaeltetechnik-gmbh/recirculating-chiller/68530-157527.html,2019-09-05
https://www.bionity.com/de/firmen/7560/fryka-kaeltetechnik-gmbh.html,2019-07-18
https://www.bionity.com/fr/entreprises/7560/fryka-kaeltetechnik-gmbh.html,2019-07-13
https://www.bionity.com/en/companies/7560/fryka-kaeltetechnik-gmbh.html,2019-07-06
https://www.bionity.com/es/empresas/7560/fryka-kaeltetechnik-gmbh.html,2019-07-05
https://www.chemeurope.com/fr/entreprises/170/fryka-kaeltetechnik-gmbh.html,2019-07-04
https://www.chemie.de/firmen/170/fryka-kaeltetechnik-gmbh.html,2019-07-04
https://www.chemeurope.com/en/companies/170/fryka-kaeltetechnik-gmbh.html,2019-07-03
https://www.quimica.es/empresas/170/fryka-kaeltetechnik-gmbh.html,2019-07-02
https://www.wlw.de/de/firma/fryka-kaeltetechnik-gmbh-392896,2019-04-10
https://brill.com/downloadpdf/journals/iawa/39/2/article-p177_3.pdf,2019-01-22
https://www.emd.net.pl/P330 termohigrometr.pdf,2018-07-18
http://www.thieme-labortechnik.de/lieferanten.php,2016-06-01
http://www.labormed.hr/o_nama.html,2016-05-15
http://www.labormed.hr/ponuda.html,2016-04-16