Website,Verweisende Seiten,Landingpages
bartelt.at,77,1
europages.lt,27,1
kuhner.com,27,1
europages.pt,22,1
europages.es,18,1
europages.ee,9,1
europages.bg,8,1
europages.co.uk,8,1
europages.si,7,1
bionity.com,6,1
dgwz.de,6,1
europages.cz,6,1
europages.ro,6,1
yumda.com,6,1
europages.de,5,1
kompass.com,5,1
medicalexpo.com,5,1
chemeurope.com,4,1
europages.fi,4,1
europages.gr,4,1
europages.co.hu,3,1
europages.no,3,1
hwj-esnt.de,3,1
analytica.de,2,1
auskunft.de,2,1
bioregio-stern.de,2,1
corsafan.de,2,1
directindustry.es,2,1
europages.dk,2,1
europages.pl,2,1
firmenpresse.de,2,1
fobshanghai.com,2,1
golocal.de,2,1
labo.de,2,1
laborjournal.de,2,1
labormed.hr,2,1
manuals.plus,2,1
medicalexpo.de,2,2
trendkraft.io,2,1
wiley.com,2,1
11880.com,1,1
agema-lab.pl,1,1
aoran.cn,1,1
brill.com,1,1
chemagazin.cz,1,1
chemie.de,1,1
companyhouse.de,1,1
creditreform.de,1,1
dastelefonbuch.de,1,1
directindustry.com,1,1
emd.net.pl,1,1
europages.it,1,1
europages.nl,1,1
europages.se,1,1
fatposglobal.com,1,1
gelbeseiten.de,1,1
handwerk-industrie.com,1,1
hornhautbank-muenchen.de,1,1
industrial-production.de,1,1
kaeltetechnik.info,1,1
labnet.fi,1,1
labwrench.com,1,1
mapquest.com,1,1
medicalexpo.es,1,1
openpr.de,1,1
openregister.de,1,1
ormir.co.il,1,1
polyformnext.de,1,1
portalderwirtschaft.de,1,1
provenexpert.com,1,1
quimica.es,1,1
rocketreach.co,1,1
sinn-es.de,1,1
spectaris.de,1,1
technik-einkauf.de,1,1
thieme-labortechnik.de,1,1
val.gr,1,1
volker-hubrich.com,1,1
wiessoft.de,1,1
wlw.de,1,1